"","nhIkyPVRyCBo8prlytyqjgWDwfKBNuOr7AS5PdyQ","","","","","Product0","Product0","","","","","","","","","","","","","","","","","","","","","","","","","","","","","","","","","","","","","865","","","","","","","","","","","","","","","","","","","","","","","",""
"","K6HP191hgQUn3KoD26vtznDd1oGtVyqLoyQ7Xsr8","","","","","Product1","Product1","","","","","","","","","","","","","","","","","","","","","","","","","","","","","","","","","","","","","750","","","","","","","","","","","","","","","","","","","","","","","",""
"","4fuQiVPU80T0vHFwEXcPqJr9WYjCbMxgFdJ25FE6","","","","","Product2","Product2","","","","","","","","","","","","","","","","","","","","","","","","","","","","","","","","","","","","","946","","","","","","","","","","","","","","","","","","","","","","","",""
"","7395asTzk6k6Ns7v2S68qzRMETDBQFgy7VBovobS","","","","","Product3","Product3","","","","","","","","","","","","","","","","","","","","","","","","","","","","","","","","","","","","","354","","","","","","","","","","","","","","","","","","","","","","","",""
"","9AQVe9lV4TEQNBijSro9Vkv0mUpr7mfRRatTMu5A","","","","","Product4","Product4","","","","","","","","","","","","","","","","","","","","","","","","","","","","","","","","","","","","","35","","","","","","","","","","","","","","","","","","","","","","","",""
"","4opACXBiS8d2HSlLRZJlwbLeWRMXNcncapvAGb1D","","","","","Product5","Product5","","","","","","","","","","","","","","","","","","","","","","","","","","","","","","","","","","","","","141","","","","","","","","","","","","","","","","","","","","","","","",""
"","wcUO7EXWGWfeBMKpQBbu57JmIfr9GtBodWGGObQR","","","","","Product6","Product6","","","","","","","","","","","","","","","","","","","","","","","","","","","","","","","","","","","","","473","","","","","","","","","","","","","","","","","","","","","","","",""
"","54obFqWd478JILltuGsALO4mGvwVDx01KEdbFnS6","","","","","Product7","Product7","","","","","","","","","","","","","","","","","","","","","","","","","","","","","","","","","","","","","849","","","","","","","","","","","","","","","","","","","","","","","",""
"","FGdP6k9V2ImyvjF7EZuphIZe5ms3IcgZwZbWtcaN","","","","","Product8","Product8","","","","","","","","","","","","","","","","","","","","","","","","","","","","","","","","","","","","","194","","","","","","","","","","","","","","","","","","","","","","","",""
"","x1uZQoJMF8BaCw5zdiFlL8ceo9omgG1kbeF0AxUQ","","","","","Product9","Product9","","","","","","","","","","","","","","","","","","","","","","","","","","","","","","","","","","","","","765","","","","","","","","","","","","","","","","","","","","","","","",""
"","NloDP0ZkRXXROmYUnUB9hCiolnr7bW71b16D3QQ9","","","","","Product10","Product10","","","","","","","","","","","","","","","","","","","","","","","","","","","","","","","","","","","","","0","","","","","","","","","","","","","","","","","","","","","","","","20200824"
"","91ngS7moyuvsrXc4cLSSCToqj4oPXEfQGzJ75mrn","","","","","Product11","Product11","","","","","","","","","","","","","","","","","","","","","","","","","","","","","","","","","","","","","163","","","","","","","","","","","","","","","","","","","","","","","",""
"","H1rqSTX6eqGZQv4LzjEbx2A8J6231TPthReT9K8i","","","","","Product12","Product12","","","","","","","","","","","","","","","","","","","","","","","","","","","","","","","","","","","","","200","","","","","","","","","","","","","","","","","","","","","","","",""
"","fVYOTNDtQrildjRU1bU4sdqUTGGY3732Mo7Vrg8n","","","","","Product13","Product13","","","","","","","","","","","","","","","","","","","","","","","","","","","","","","","","","","","","","0","","","","","","","","","","","","","","","","","","","","","","","","20200204"
"","PS7WYI54gBiybiolFnb1JAarBRan33qlLKSgULQp","","","","","Product14","Product14","","","","","","","","","","","","","","","","","","","","","","","","","","","","","","","","","","","","","743","","","","","","","","","","","","","","","","","","","","","","","",""
"","A0ox1wEXxEvj7ldCJM6Q8c4tABFCS21tkmhQ8FzZ","","","","","Product15","Product15","","","","","","","","","","","","","","","","","","","","","","","","","","","","","","","","","","","","","125","","","","","","","","","","","","","","","","","","","","","","","",""
"","qdCziEliwnjxC7FgvtPz4z2lOw731f4m9ECLNr07","","","","","Product16","Product16","","","","","","","","","","","","","","","","","","","","","","","","","","","","","","","","","","","","","359","","","","","","","","","","","","","","","","","","","","","","","",""
"","I6NwMKo1AA7iM1POCG60nhciyDQOB3ZMUg0tPTpP","","","","","Product17","Product17","","","","","","","","","","","","","","","","","","","","","","","","","","","","","","","","","","","","","350","","","","","","","","","","","","","","","","","","","","","","","",""
"","AND28BvToPewn0LrWRffERRo4dMgH1z66gZXxtfv","","","","","Product18","Product18","","","","","","","","","","","","","","","","","","","","","","","","","","","","","","","","","","","","","871","","","","","","","","","","","","","","","","","","","","","","","",""
"","ns4qwom4jXHFhq9KIWDx3TnSCOCXQewi0L8oIuVp","","","","","Product19","Product19","","","","","","","","","","","","","","","","","","","","","","","","","","","","","","","","","","","","","0","","","","","","","","","","","","","","","","","","","","","","","","20210716"
"","MjR1TSbHhxLtevpXoGWChazaWgP9GIKrzxKZ6tY2","","","","","Product20","Product20","","","","","","","","","","","","","","","","","","","","","","","","","","","","","","","","","","","","","97","","","","","","","","","","","","","","","","","","","","","","","",""
"","sNT2FIhR6yeijaTeAZBys4dzY420oDSP9m9HWNOD","","","","","Product21","Product21","","","","","","","","","","","","","","","","","","","","","","","","","","","","","","","","","","","","","891","","","","","","","","","","","","","","","","","","","","","","","",""
"","PFXBGMM8dsu8AySw3bh13PEVaUyMpDkM6RFUwrxM","","","","","Product22","Product22","","","","","","","","","","","","","","","","","","","","","","","","","","","","","","","","","","","","","96","","","","","","","","","","","","","","","","","","","","","","","",""
"","LOjdMxMzGQXyGn1CuxIPtwcsf9WgVNvi98YaaaYN","","","","","Product23","Product23","","","","","","","","","","","","","","","","","","","","","","","","","","","","","","","","","","","","","152","","","","","","","","","","","","","","","","","","","","","","","",""
"","MPfLvajZOhdsxFiezllkt193W77nmBeSN4uaza9B","","","","","Product24","Product24","","","","","","","","","","","","","","","","","","","","","","","","","","","","","","","","","","","","","406","","","","","","","","","","","","","","","","","","","","","","","",""
"","A1g45WbIoBhdnVFH6FjCg9agd2xsqZvJBH3ngxr2","","","","","Product25","Product25","","","","","","","","","","","","","","","","","","","","","","","","","","","","","","","","","","","","","130","","","","","","","","","","","","","","","","","","","","","","","",""
"","sHqwVMvkvcJrDG6LeXvRFIoY02uIz2JcsMLH53fS","","","","","Product26","Product26","","","","","","","","","","","","","","","","","","","","","","","","","","","","","","","","","","","","","679","","","","","","","","","","","","","","","","","","","","","","","",""
"","QXmtyVJ4aphPAQt8lkNaMHEzCAQv28t5iWxSOMqL","","","","","Product27","Product27","","","","","","","","","","","","","","","","","","","","","","","","","","","","","","","","","","","","","425","","","","","","","","","","","","","","","","","","","","","","","",""
"","uNdcG8SXzB3IJEdqhHp8HQbCkfQwhMR9dRjQPHtu","","","","","Product28","Product28","","","","","","","","","","","","","","","","","","","","","","","","","","","","","","","","","","","","","195","","","","","","","","","","","","","","","","","","","","","","","",""
"","a3M1oMGrFWAS0ppjbZjjg2qwjgdNr33ab60whViI","","","","","Product29","Product29","","","","","","","","","","","","","","","","","","","","","","","","","","","","","","","","","","","","","330","","","","","","","","","","","","","","","","","","","","","","","",""
